<?xml version="1.0" encoding="UTF-8"?>
<beans xmlns="http://www.springframework.org/schema/beans"
	xmlns:xsi="http://www.w3.org/2001/XMLSchema-instance" xmlns:context="http://www.springframework.org/schema/context"
	xmlns:mvc="http://www.springframework.org/schema/mvc"
	xsi:schemaLocation="http://www.springframework.org/schema/mvc http://www.springframework.org/schema/mvc/spring-mvc-4.1.xsd
		http://www.springframework.org/schema/beans http://www.springframework.org/schema/beans/spring-beans.xsd
		http://www.springframework.org/schema/context http://www.springframework.org/schema/context/spring-context-4.1.xsd">


	<mvc:annotation-driven />

	<!-- HandlerMapping -->


	<mvc:interceptors>
		<mvc:interceptor>
			<mvc:mapping path="/txr" />
			<bean class="com.bank.web.BankInterceptor" />
		</mvc:interceptor>
	</mvc:interceptors>
	
	<mvc:view-controller path="/" view-name="index"/>

	<!-- Controller -->

	<context:annotation-config />
	<context:component-scan base-package="com.bank.web" />

	<!-- ViewResolver -->

	<bean id="contentNegotiatingViewResolver"
		class="org.springframework.web.servlet.view.ContentNegotiatingViewResolver">
		<property name="order" value="1" />
		<property name="mediaTypes">
			<map>
				<entry key="json" value="application/json" />
				<entry key="xml" value="application/xml" />
				<entry key="html" value="text/html" />
			</map>
		</property>
		<!-- <property name="favorPathExtension" value="false" /> -->
		<!-- <property name="favorParameter" value="true" /> : format=json -->
		<!-- <property name="ignoreAcceptHeader" value="false" /> -->
		<property name="defaultViews">

			<list>

				<bean
					class="org.springframework.web.servlet.view.json.MappingJackson2JsonView">
				</bean>

				<bean class="org.springframework.web.servlet.view.xml.MarshallingView">
					<constructor-arg>
						<bean class="org.springframework.oxm.jaxb.Jaxb2Marshaller">
							<property name="classesToBeBound">
								<list>
									<value>com.bank.model.Account</value>
								</list>
							</property>
						</bean>
					</constructor-arg>
				</bean>
			</list>
		</property>
	</bean>


	<bean id="viewResolver"
		class="org.springframework.web.servlet.view.InternalResourceViewResolver">
		<property name="order" value="2" />
		<property name="prefix" value="/WEB-INF/view/" />
		<property name="suffix" value=".jsp" />
	</bean>

	<bean id="viewResolver3" class="org.springframework.web.servlet.view.XmlViewResolver">
		<property name="order" value="3" />
		<property name="location" value="/WEB-INF/views.xml" />
	</bean>

	<!-- ExceptionResolver Bean -->

	<bean id="exceptionResolver2"
		class="org.springframework.web.servlet.handler.SimpleMappingExceptionResolver">

		<property name="exceptionMappings">
			<map>
				<entry key="java.lang.Exception" value="error" />
			</map>
		</property>
		<property name="defaultErrorView" value="error" />
		<property name="exceptionAttribute" value="ex" />

	</bean>

</beans>
