<?xml version='1.0' encoding='utf-8'?>
<!DOCTYPE hibernate-configuration PUBLIC
        "-//Hibernate/Hibernate Configuration DTD 3.0//EN"
        "http://www.hibernate.org/dtd/hibernate-configuration-3.0.dtd">

<hibernate-configuration>

	<session-factory>

		<!-- Database connection settings -->
		<!-- <property name="connection.driver_class">com.mysql.jdbc.Driver</property> -->
		<!-- <property name="connection.url">jdbc:mysql://localhost:3306/dell</property> -->
		<!-- <property name="connection.username">root</property> -->
		<!-- <property name="connection.password">root</property> -->


		<!-- SQL dialect -->
		<!-- <property name="dialect">org.hibernate.dialect.MySQL5Dialect</property> -->
		<property name="dialect">org.hibernate.dialect.H2Dialect</property>



		<!-- Echo all executed SQL to stdout -->
		<property name="show_sql">true</property>
		<property name="format_sql">true</property>

		<!-- Drop and re-create the database schema on startup -->
		<!-- <property name="hbm2ddl.auto">create</property> -->

		<mapping class="com.bank.model.Account" />

	</session-factory>

</hibernate-configuration>